"%s already exist","%s już istnieje"
"%s already exists","%s już istnieje"
"-- Please Select --","-- Prosimy wybrać --"
"Add Block Names to Hints","Dodaj nazwy bloków do podpowiedzi"
"Add Secret Key to URLs","Dodaj sekretny klucz do URL"
"Add Store Code to Urls","Dodaj kod sklepu do URL"
"Add New Variable","Dodaj nową zmienną"
"Admin","Administrator"
"Admin Base URL","Bazowy URL dla administratora"
"Admin User Emails","E-maile administracyjne"
"Advanced","Zaawansowane"
"Alternative text for next link in pagination menu. If empty, default arrow image will used.","Zamiennik tekstowy dla linku do następnej strony w menu paginacji. Jeżeli puste zosstaanie użyty domyślny obrazek strzałki."
"Alternative text for previous link in pagination menu. If empty, default arrow image will used.","Zamiennik tekstowy dla linku do poprzedniej strony w menu paginacji. Jeżeli puste zosstaanie użyty domyślny obrazek strzałki."
"Allow Countries","Dopuść kraje"
"Allowed IPs (comma separated)","Dozwolone IP (oddzielone przecinkami)"
"Allows customers to stay logged in when switching between different stores.","Pozwól klientom pozostać zalogowanym w momencie przechodzenia pomiędzy różnymi sklepami."
"Anchor Text for Previous","Tekst linku dla poprzedniej strony"
"Anchor Text for Next","Tekst linku dla następnej strony"
"Are you sure?","Czy na pewno tego chcesz?"
"Auto-redirect to Base URL","Automatyczne przekierowanie do bazowego URLa"
"Back","Powrót"
"Backup options","Opcje kopii zapasowej"
"Base JavaScript URL","Bazowy URL dla JavaScript"
"Base Link URL","Podstawowy URL dla linków"
"Base Media URL","Bazowy URL dla mediów"
"Base Skin URL","Bazowy URL skórki"
"Base URL","Bazowy URL"
"Before modifying the store view code please make sure that it is not used in index.php","Przed modyfikacją kodu widoku sklepu upewnij się, że nie jest on używany w index.php"
"Before modifying the website code please make sure that it is not used in index.php","Przed modyfikacją kodu strony sklepu upewnij się, że nie jest on używany w index.php"
"Block with name ""%s"" already exists","Blok o nazwie %s"" już istnieje"""
"Blocks HTML output","Blokuje wyjście HTML"
"Browser Capabilities Detection","Wykrywanie możliwości przeglądarki"
"Can't retrieve request object","Nie można pobrać żądanego obiektu"
"Can't retrieve entity config: %s","Nie można pobrać konfiguracji jednostki: %s"
"Cancel","Anuluj"
"Cannot Delete Email Template","Nie można usunąć szblonu e-mail"
"Cannot complete this operation from non-admin area.","Nie można ukończyć tej operacji z nieadministracyjnego obszaru."
"Category object is required for determining product request path","Obiekt kategorii jest wymagany do określenia wywołania produktu"
"Code","Kod"
"Collections Data","Dane kolekcji"
"Configuration","Konfiguracja"
"Controller file was loaded but class does not exist","Plik kontrolera został załadowany jednak klasa nie istnieje"
"Cookie Domain","Domena dla cookie"
"Cookie Lifetime","Czas życia cookie"
"Cookie Path","Ścieżka dla cookie"
"Cookie Restriction Mode","Tryb restrykcyjny dla ciasteczek"
"Copyright","Prawa autorskie"
"Countries Options","Opcje krajów"
"Create Store","Utwórz sklep"
"Create Store View","Utwórz widok sklepu"
"Create Website","Utwórz witrynę"
"Current Package Name","Nazwa obecnego pakietu"
"Custom Design","Indywidualny wygląd"
"Custom admin URL","Indywidualny adres URL admina"
"Custom email 1","Niestandardowy e-mail 1"
"Custom email 2","Niestandardowy e-mail 2"
"Customer support","Wsparcie dla klienta"
"Date From","Data od"
"Date To","Data do"
"Date/time format ""%s"" is not supported.","Format daty/czasu %s"" nie jest obsługiwany."""
"Debug","Debuguj"
"Default","Domyślny"
"Default Description","Domyślny opis"
"Default Keywords","Domyślne słowa kluczowe"
"Default Pages","Domyślne strony"
"Default Robots","Domyślne roboty"
"Default Store","Domyślny sklep"
"Default Store View","Domyślny widok sklepu"
"Default Title","Domyślny tytuł"
"Default country","Domyślny kraj"
"Default No-route URL","Domyślny URL dla braku adresu"
"Default Web URL","Domyślny URL sieciowy"
"Delete","Usuń"
"Delete Store","Usuń sklep"
"Delete Store View","Usuń widok sklepu"
"Delete Website","Usuń witrynę"
"Deleting a %1$s will not delete the information associated with the %1$s (e.g. categories, products, etc.), but the %1$s will not be able to be restored. It is suggested that you create a database backup before deleting the %1$s.","Usunięcie %1$s nie spowoduje usunięcia informacji przypisanych do %1$s (np. kategorii,produktów itp). Sugeruje się utworzenie kopii bazy danych przed skasowaniem %1$s."
"Design","Wygląd"
"Design Change","Zmiana wyglądu"
"Developer","Programista"
"Developer Client Restrictions","Ograniczenie dostępu programisty"
"Disable email communications","Zablokuj komunikacje poprzez e-mail"
"Disable modules output","Zablokuj wyjście modułów"
"Display Demo Store Notice","Pokaż informację sklepu demonstracyjnego"
"Duplicate Of Template Code","Duplikat kodu szablonu"
"Edit Design Change","Edycja zmiany wyglądu"
"Edit Store","Edytuj sklep"
"Edit Store View","Edycja widoku sklepu"
"Edit Website","Edytuj witrynę"
"Empty identifier field name","Pusty identyfikator pola nazwa"
"Empty main table name","Pusta nazwa głównej tabeli"
"Enabled","Włączone"
"Enabled for Admin","Włączone dla Panelu Administracyjnego"
"Enabled for Frontend","Włączone dla Katalogu"
"Error in file: ""%s"" - %s","Błąd w pliku: %s"" - %s"""
"Error while saving. Please try again later.","Błąd podczas zapisywania. Prosimy spróbować ponownie póإ؛niej."
"Error: Passwords do not match","Błąd: podane hasła nie są jednakowe"
"European Union Countries","Kraje Unii Europejskiej"
"Exceptions Log File Name","Nazwa pliku log dla wyjątków"
"Favicon Icon","Ikona Favicon"
"First Day of Week","Pierwszy dzień tygodnia"
"Footer","Stopka"
"Forgot Password Email Sender","Nadawca wiadomości o zapomnianym haśle"
"Forgot Password Email Template","Szablon wiadomości o zapomnianym haśle"
"General","Ogólne"
"General Settings","Ustawienia ogólne"
"General contact","Kontakt ogólny"
"Global","Globalny"
"HTML Head","Nagłówek HTML"
"Header","Nagłówek"
"Host","Host"
"How many links to display at once","Ile linków zostanie jednorazowo wyświetlonych"
"Id path for specified store","Identyfikator ścieżki dla okreśonego sklepu"
"If the current frame position does not cover utmost pages, will render link to current position plus/minus this value.","Jeżeli obecna pozycja ramki nie pokrywa większości strony zostaną wyrenderowane linki do aktualnej pozycji plus/minus ta wartość."
"Incorrect credit card expiration date","Nieprawidłowa data wygaśnięcia karty"
"Invalid base url type","Nieprawidłowy typ bazowego adresu"
"Invalid block name to set child %s: %s","Nieprawidłowa nazwa bloku dla ustawienia podrzędnego %s: %s"
"Invalid block type: %s","Nieprawidłowy typ bloku: %s"
"Invalid block: %s","Nieprawidłowy blok: %s"
"Invalid layout update argument, expected Mage_Core_Model_Layout_Element","Nieprawidłowy argument aktualizacji wyglądu, oczekiwano Mage_Core_Layout_Element"
"Invalid layout update handle","Nieprawidłowa obsługa aktualizacji wyglądu"
"Invalid messages storage ""%s"" for layout messages initialization","Niesprawidłowe przechowywanie wiadomości %s"" dla inicjalizacji wiadomości układu"""
"Invalid transactional email code: ","Nieprawidłowy kod e-maila sprzedażowego: "
"Invalid websites configuration path: %s","Nieprawidłowa konfiguracja ścieżki strony: %s"
"Layout","Układ"
"Layouts","Szablony"
"Leave empty for access from any location","Pozostaw puste, aby umożliwić dostęp z każdej lokalizacji"
"Locale","Kod języka"
"Locale Options","Opcje lokalizacji"
"Log Settings","Ustawienia logów"
"Logging from Mage::log(). File is located in {{base_dir}}/var/log","Logowanie z Mage::log(). Plik jest znajduje się wآ {{base_dir}}/var/log"
"Logging from Mage::logException(). File is located in {{base_dir}}/var/log","Logowanie z Mage::logException(). Plik znajduje się wآ {{base_dir}}/var/log"
"Logo Image Alt","ALT dla obrazka logo"
"Logo Image Src","SRC dla obrazka logo"
"Manage Stores","Zarządzaj sklepami"
"Match expressions in the same order as displayed in the configuration.","Wskaż wyrażenia w porządku w jakim występują one w konfiguracji."
"Miscellaneous HTML","Różny HTML"
"Miscellaneous Scripts","Różne skrypty"
"Model class does not exist: %s","Model klasy nie istnieje: %s"
"Model collection resource name is not defined","Nazwa modelu kolekcji zasobów nie została zdefiniowana"
"Module ""%1$s"" can not be depended from ""%2$s""","Moduł ""%1$s"" nie może być zależny od ""%2$s"""
"Module ""%1$s"" requires module ""%2$s""","Moduł ""%1$s"" wymaga modułu ""%2$s"""
"Name","Nazwa"
"New Design Change","Nowa zmiana wyglądu"
"New Store","Nowy sklep"
"New Store View","Nowy widok sklepu"
"New Website","Nowa witryna"
"No","Nie"
"Offloader header","Nagłówek dla SSL-Offloadera"
"Package","Paczka"
"Pagination","Paginacja"
"Pagination Frame","Ramka paginacji"
"Pagination Frame Skip","Przeskocz ramkę paginacji"
"Please choose to register or to checkout as a guest","Prosimy o rejestrację lub złożenie zamówienia jako goإś"
"Please define flag code.","Prosimy o zdefiniowanie kodu flagi."
"Please enter 6 or more characters.","Prosimy o wprowadzenie 6 lub więcej znaków."
"Please enter 6 or more characters. Leading or trailing spaces will be ignored.","Prosimy o wprowadzenie 6 lub więcej znaków. Początkowe lub końcowe spacje zostaną zignorowane."
"Please enter a number greater than 0 in this field.","Prosimy o podanie numeru większego od 0 w tym polu."
"Please enter a valid $ amount. For example $100.00.","Prosimy o wprowadzenie poprawnej kwoty w $. Na przykład $100.00."
"Please enter a valid URL. For example http://www.example.com or www.example.com","Prosimy o wprowadzenie poprawnego URL. Dla przykładu: http://www.strona.pl lub www.strona.pl"
"Please enter a valid URL. http:// is required","Prosimy o wprowadzenie poprawnego URL. http:// jest wymagane"
"Please enter a valid credit card number.","Prosimy o wprowadzenie poprawnego numeru karty kredytowej."
"Please enter a valid date.","Prosimy o wprowadzenie poprawnej daty."
"Please enter a valid email address. For example johndoe@domain.com.","Prosimy o wprowadzenie poprawnego adresu e-mail. Dla przykładu: jankowalski@domena.pl."
"Please enter a valid number in this field.","Prosimy o wprowadzenie poprawnego numeru w tym polu."
"Please enter a valid phone number. For example (123) 456-7890 or 123-456-7890.","Prosimy o wprowadzenie poprawnego numeru telefonu. Dla przykładu: (012) 345 67 89 lub 012 345 6789."
"Please enter a valid social security number. For example 123-45-6789.","Prosimy o wprowadzenie poprawnego numeru ubezpieczenia społecznego. Dla przykładu: 123-45-6789."
"Please enter a valid zip code.","Prosimy o wprowadzenie poprawnego kodu pocztowego."
"Please enter a valid zip code. For example 90602 or 90602-1234.","Prosimy o wprowadzenie poprawnego kodu pocztowego. Dla przykładu: 90602 lub 90-602."
"Please enter valid password.","Prosimy o wprowadzenie poprawnego hasła."
"Please make sure that Base URL ends with '/' (slash), e.g. http://yourdomain/magento/","Upewnij się, że bazowy URL kończy się '/' (ukośnik), np. http://twojadomena/magento/"
"Please make sure your passwords match.","Prosimy upewnić się, że hasła psują do siebie."
"Please select State/Province.","Prosimy o wybór regionu."
"Please select an option.","Prosimy o wybranie opcji."
"Please select one of the above options.","Prosimy o wybór jednej z powyższych opcji."
"Please select one of the options.","Prosimy o wybór jednej z opcji."
"Please specify payment method.","Prosimy o wybór metody płatności."
"Please specify shipping method.","Prosimy o wybór metody dostawy."
"Please use letters only (a-z or A-Z) in this field.","Prosimy o używanie jedynie liter (a-z lub A-Z) w tym polu."
"Please use letters only (a-z) in this field.","Prosimy o używanie jedynie liter (a-z) w tym polu."
"Please use numbers only in this field. please avoid spaces or other characters such as dots or commas.","Prosimy o używanie tylko liczb w tym polu. Prosimy o unikanie spacji, przecinków lub kropek."
"Please use only letters (a-z) or numbers (0-9) only in this field. No spaces or other characters are allowed.","Prosimy o używanie jedynie liter (a-z or A-Z) lub cyfr (0-9) w tym polu. Spacje i inne znaki nie są dozwolone."
"Please use only letters (a-z) or numbers (0-9) or spaces and # only in this field.","Prosimy o używanie jedynie liter (a-z or A-Z), cyfr (0-9) lub spacji i # w tym polu."
"Please use only letters (a-z), numbers (0-9) or underscore(_) in this field, first character should be a letter.","Prosimy o używanie jedynie liter (a-z), cyfr (0-9) lub podkreślnika (_) w tym polu, pierwszy znak powinien być literą."
"Please use this date format: dd/mm/yyyy. For example 17/03/2006 for the 17th of March, 2006.","Prosimy o użycie następującego formatu daty: dd/mm/rrrr. Dla przykładu: 17/03/2006."
"Please wait, loading...","Prosimy czekać, trwa ładowanie..."
"Polls","Ankiety"
"Port (25)","Port (25)"
"Profiler","Skrypt profilujący"
"Prototype Deprecation Log","Log starych wersji Prototype"
"Request path for specified store","Wymagaj ścieżki dla określonego sklepu"
"Requested invalid store ""%s""","Wywołano nieprawidłowy sklep %s"""
"Resource is not set","إ¹ródło nie zostało określone"
"Root Category","Kategoria bazowa"
"SMTP settings (Windows server only)","Ustawienia SMTP (tylko dla serwerów Windows)"
"Sales representative","Przedstawiciel handlowy"
"Save","Zapisz"
"Save Store","Zapisz sklep"
"Save Store View","Zapisz widok sklepu"
"Save Website","Zapisz witrynę"
"Search Engines Optimization","Optymalizacja dla wyszukiwarek"
"Secure","Bezpieczny"
"Security","Bezpieczeństwo"
"Select Date","Wybierz datę"
"Sender email","Nadawca e-maila"
"Sender name","Imię nadawcy"
"Services","Usługi"
"Session Cookie Management","Zarządzanie cookie"
"Session Lifetime, Seconds","Czas ważności sesji w sekundach"
"Session Validation Settings","Ustawienia walidacji sesji"
"Set as default","Ustaw jako domyślne"
"Skin (Images / CSS)","Skórka (Obrazki / CSS)"
"Sort order","Porządek sortowania"
"Specified date/time ""%1$s"" do not match format ""%2$s"".","Wybrana data/czas %1$s"" nie odpowiada formatowi ""%2$s""."""
"Specify either category or product, or both.","Sprecyzuj kategorię, produkt lub oba łącznie."
"Start date can't be greater than end date","Data początkowa nie może być póإ؛niejsza niż data końcowa"
"Startup page","Strona startowa"
"Status","Status"
"Store","Sklep"
"Store Contact Address","Adres kontaktowy sklepu"
"Store Contact Telephone","Telefon kontaktowy sklepu"
"Store Email Addresses","Adres e-mail sklepu"
"Store Information","Informacje o sklepie"
"Store Name","Nazwa sklepu"
"Store View","Widok sklepu"
"Store View Information","Informacje o widoku sklepu"
"Store View Name","Nazwa widoku sklepu"
"Store View was successfully saved","Widok sklepu został pomyślnie zapisany"
"Store code should contain only letters (a-z), numbers (0-9) or underscore(_), first character should be a letter","Kod sklepu powinien składać się jedynie z liter (a-z), cyfr (0-9) lub podkreślenia (_), pierwszy znak powinien być literą."
"Store doesn't exist","Sklep nie istnieje"
"Store view doesn't exist","Widok sklepu nie istnieje"
"Store view was successfully deleted.","Widok sklepu został usunięty."
"Store was successfully deleted.","Sklep został pomyślnie usunięty."
"Store was successfully saved","Sklep został pomyślnie zapisany."
"Store with the same code","Sklep z takim samym kodem"
"System","System"
"System Log File Name","Nazwa pliku systemowego logu"
"Template Path Hints","Podpowiedzi ścieżek szablonów"
"Templates","Szablony"
"The %s you entered is invalid. Please make sure that it follows ""http://domain.com/"" format.","Wprowadzony %s jest niepoprawny. Upewnij się ze pasuje do formatu http://domena.pl/""."""
"Themes","Motywy"
"This category and all its child elements","Ta kategoria wraz ze wszystkimi jej podrzędnymi elementami"
"This category and its child categories only","Ta kategoria tylko ze wszystkimi jej podkategoriami"
"This category and its products only","Tylko ta kategoria i jej produkty"
"This category only","Tylko ta kategoria"
"This is a required field.","To pole jest wymagane."
"This store cannot be deleted","Ten sklep nie może zostać usunięty"
"This store cannot be deleted.","Ten sklep nie może być usunięty."
"This store view cannot be deleted","Ten widok sklepu nie może zostać usunięty"
"This store view cannot be deleted.","Ten widok sklepu nie może być usunięty."
"This website cannot be deleted","Ta witryna nie może zostać usunięta"
"This website cannot be deleted.","Ta witryna nie może zostać usunięta."
"This will be displayed just before body closing tag.","To będzie wyświetlane tuż przed zamykającym znacznikiem body."
"This will be included before head closing tag in page HTML.","To będzie załączone przed znacznikiem zamykającym sekcję HEAD w HTML."
"Timezone","Strefa czasowa"
"Title Prefix","Przedrostek tytułu"
"Title Suffix","Przyrostek tytułu"
"Translate Inline","Tłumaczenie liniowe"
"Translate cache should be disabled for both Frontend and Admin inline translations","Pamięć podręczna tłumaczeń powinna być wyłączona dla Katalogu i Admina"
"Translations","Tłumaczenia"
"Unable to delete store view. Please, try again later.","Nie można usunąć widoku sklepu. Prosimy spróbować póإ؛niej."
"Unable to delete store. Please, try again later.","Nie można usunąć sklepu. Prosimy spróbować póإ؛niej."
"Unable to delete website. Please, try again later.","Nie można usunąć witryny. Prosimy spróbować póإ؛niej."
"Unable to proceed. Please, try again","Nie można kontynuować. Prosimy spróbować póإ؛niej"
"Unknown scope ""%s""","Nieznany zakres ""%s"""
"Unsecure","Niezabezpieczony"
"Url Options","Opcje URL"
"Use HTTP Only","Użyj tylko HTTP"
"Use SID on Frontend","Użyj SID w interfejsie klienta"
"Use Secure URLs in Admin","Użyj zabezpieczonych URLi dla admina"
"Use Secure URLs in Frontend","Użyj zabezpieczonych URLi w katalogu"
"Use Web Server Rewrites","Używaj przekierowań serwera"
"Use custom admin URL","Użyj indywidualnego adresu URL dla admina"
"Validate HTTP_USER_AGENT","Waliduj HTTP_USER_AGENT"
"Validate HTTP_VIA","Waliduj HTTP_VIA"
"Validate HTTP_X_FORWARDED_FOR","Waliduj HTTP_X_FORWARDED_FOR"
"Validate REMOTE_ADDR","Waliduj REMOTE_ADDR"
"Values less than 60 are ignored.","Wartości mniejsze niż 60 są ignorowane."
"VAT Number","Numer VAT"
"Variable Code","Kod zmiennej"
"Variable ID","ID zmiennej"
"Web","Sieć"
"Website","Witryna"
"Website Information","Informacje o witrynie"
"Website Name","Nazwa witryny"
"Website code should contain only letters (a-z), numbers (0-9) or underscore(_), first character should be a letter","Kod strony powinien składać się jedynie z liter (a-z), cyfr (0-9) lub podkreśenia (_), pierwszy znak powinien być literą."
"Website doesn't exist","Witryna nie istnieje"
"Website was successfully deleted.","Strona została pomyślnie usunięta."
"Website was successfully saved","Strona została pomyślnie zapisana"
"Website with the same code","Witryna z takim samym kodem"
"Weekend Days","Dni weekendu"
"Welcome Text","Tekst powitalny"
"Wrong number of arguments for %s","Zła liczba argumentów dla %s"
"Yes","Tak"
"Your order can not be completed at this time as there is no payment methods available for it.","Twoje zamówienie nie może zostać zrealizowane, w chwili obecnej nie mamy dla niego odpowiedniej metody płatności."
"Your order can not be completed at this time as there is no shipping methods available for it. Please make necessary changes in your shipping address.","Twoje zamówienie nie może zostać zrealizowane, w chwili obecnej nie mamy dla niego odpowiedniej metody dostawy. Prosimy wprowadzić odpowiednie zmiany do swojego adresu dostawy."
"Your session has been expired, you will be relogged in now.","Twoja sesja wygasła, zostaniesz zalogowany ponownie."
"Search","Szukaj"
"Go","Dalej"
"Search entire store here...","Przeszukaj cały sklep..."
"Compare Products","Porównaj produkty"
"Back to Main Product Info","Powrót do głównej informacji o produkcie"
"You have no items to compare.","Nie masz produktów do porównania."
"Clear All","Wyczyإś wszystko"
"Search entire store here...","Szukaj tutaj w całym sklepie..."
"Search","Szukaj"
"About the calendar","O kalendarzu"
"For latest version visit: %s","W celu pobrania najnowszej wersji odwiedإ؛: %s"
"Distributed under GNU LGPL. See %s for details.","Udostępniane na licencji GNU LGPL. Zobacz %s, aby dowiedzieć się więcej."
"Date selection:","Wybór daty:"
"- Use the %s, %s buttons to select year","- użyj przyciski %s, %s do wybrania roku"
"- Use the %s buttons to select month","- użyj przyciski %s do wybrania miesiąca"
"- Hold mouse button on any of the above buttons for faster selection.","- przytrzymaj przycisk myszy na jednym z powyższych przycisków dla szybszego wyboru."
"Time selection:","Wybór czasu:"
"- Click on any of the time parts to increase it","- kliknij na dowolnej jednostce czasu aby ją zwiększyć"
"- or click and drag for faster selection.","- lub kliknij i przeciągnij dla szybszego wyboru."
"Go Today","Dzisiaj"
"Next month (hold for menu)","Następny miesiąc (przytrzymaj dla menu)"
"Next year (hold for menu)","Następny rok (przytrzymaj dla menu)"
"Select date","Wybierz datę"
"Drag to move","Przeciągnij, aby przemieścić"
"Close","Zamknij"
"(Shift-)Click or drag to change value","Kliknij (z Shiftem) lub przeciągnij, aby zmienić wartość"
"Time:","Czas:"
"DHTML Date/Time Selector","Dynamiczny selektor daty/czasu"
"<strong style=""color:red"">Warning!</strong> When using CDN, in some cases JavaScript may not run properly if CDN is not in your subdomain","<strong style=""color:red"">Uwaga!</strong> W przypadku użycia CDN jeżeli serwer CDN nie jest w tej samej subdomenie, skrypty JavaSCript mogą nie działać poprawnie"
"<strong style=""color:red"">Warning!</strong> When using Store Code in URLs, in some cases system may not work properly if URLs without Store Codes are specified in the third party services (e.g. PayPal etc.).","<strong style=""color:red"">Uwaga!</strong> W niektórych przypadkach używanie kodów sklepów w adresach URL może nie działać poprawnie jeżeli adresy bez kodów są zdefiniowane w usługach firm trzecich (np. PayPal itp.)."